month,gallons
1,3819.5454545454545
2,3651.8599999999997
3,3416.7
4,2220.43
5,1555.37
6,745.96
7,350.28000000000003
8,480.96999999999997
9,734.29
10,1706.4299999999998
11,3002.33
12,3819.5800000000004
