device,annual_gal
Boiler,11427.908208955227
Gym Furnace,843.3880597014926
"CFS Furnace 1, 2, & 3",4680.803731343284
ECC Domestic Hot Water Heater,470.71193573068086
ECC Stove,427.91994157334636
Admin Kitchen Stove,427.91994157334636
Elder Center Stove,5744.948181122627
