device,annual_gal
Boiler,15422.020868631807
Gym Furnace,815.6426185811438
"CFS Furnace 1, 2, & 3",4526.816533125348
ECC Domestic Hot Water Heater,706.5807657976242
ECC Stove,141.31615315952482
Admin Kitchen Stove,56.58060538379441
Elder Center Stove,2371.512455320761
