{
  "window": "2023-2025",
  "m": -6.742648941820918,
  "b": 415.57186824714745,
  "baseline_gal": 18.682000369433098,
  "r2_heating": 0.8416,
  "r2_baseline": 0.0
}