{
  "window": "2023-2026",
  "m": -179.50475042177106,
  "b": 11225.806841163601,
  "baseline_gal": 589.2916666666666,
  "r2_heating": 0.7687,
  "r2_baseline": 0.0
}